PC-048459;;PC-048458=Grass;;PC-048487;;PC-048490=Not Fast and Vurious;;PC-048491;;PC-048492=Jorge;;;PC-048483;;"PC-048481=std::string name = getTeamName();";;PC-048482;;PC-048499;;PC-048478=699;;PC-048479;;
;;;;;;;;;;;;;;;;;;;;;;;;;
PC-048455;;PC-048456=CNT;;PC-048486;;PC-048457;;PC-048462=Aron's Angels;;PC-048460;;;PC-048477;;PC-048452=damn brand;;PC-048453;;PC-048454;;PC-048489=Team[0];;PC-048485;;
;;;;;;;;;;;;;;;;;;;;;;;;;
;;;;;;;;;;;;;;;;;;;;;;;;;
;;;;;;;;;;;;;;;;;;;;;;;;;
PC-048494;;PC-048473;;;;;PC-048472;;PC-048498=Plan C;;PC-048450;;PC-048495;;PC-048493=SEGFAULT;;PC-048496;;;;;PC-048497;;PC-048484=Segmentation Fault 11;
;;;;;;;;;;;;;;;;;;;;;;;;;
;;;;;;;;;;;;;;;;;;;;;;;;;
;;;;;;;;;;;;;;;;;;;;;;;;;
;;;;;;;;;;;;;;;;;;;;;;;;;
