;;PC-048414 = Google Hire Us;;PC-048407;;PC-048413;;PC-048415 = Segmentation Fault 11;;;;;
;;;;;;;;;;;;;
;;;;;;;;;;;;;
;;;;;;;;;;;;;
;;PC-048403;;PC-048404 = ANIFFFO;;PC-048405;;PC-048406;;PC-049098 = Not Fast and Vurious;;PC-048416;
;;;;;;;;;;;;;
;;PC-048412;;PC-048409 = Grass;;PC-048408;;PC-048464;;"PC-048410 = std::string name = getTeamName();";;PC-048411;
;;;;;;;;;;;;;
;;;;;;;;;;;;;
;;;;;;;;;;;;;
PC-049100;;PC-049094;;PC-049099 = Girls;;PC-049091;;;;PC-048468 = E.M.A.;;PC-049092;
;;;;;;;;;;;;;
PC-049097;;PC-049093;;PC-049095 = Monki IQ 200 (combined);;PC-059279;;;;PC-048469 = neolution 3.0;;PC-048470;
;;;;;;;;;;;;;
;;;;;;;;;;;;;
;;;;;;;;;;;;;
PC-048451;;PC-048465;;PC-048466 = My anaconda don't want none unless you got buns, hun;;PC-048467;;;;PC-048471 = Drive(2011);;PC-048463;
;;;;;;;;;;;;;
;;;;;;;;;;;;;
;;;;;;;;;;;;;
