PC-050004;;PC-049991 = damn brand;;PC-049983;;PC-050003;;;;PC-050040 = Jorge;;PC-049994;;PC-049995 = Aron's Angels;;PC-049982;;
;;;;;;;;;;;;;;;;;;
PC-049992;;PC-049993 = Team[0];;PC-050002;;PC-050001;;;;PC-050039;;PC-050038 = 699;;PC-050037;;PC-049981;;
;;;;;;;;;;;;;;;;;;
;;;;;;;;;;;;;;;;;;
;;;;;;;;;;;;;;;;;;
;;;;PC-050035;;PC-052892;;PC-050033 = SEGFAULT;;PC-050032;;;;PC-050036;;PC-050008 = God is dead, UwU;;
;;;;;;;;;;;;;;;;;;
;;;;PC-050030;;PC-050029;;PC-050028 = RomanianPR;;PC-050027;;;;PC-050026;;PC-050025 = forgotten;;
;;;;;;;;;;;;;;;;;;
;;;;;;;;;;;;;;;;;;
;;;;;;;;;;;;;;;;;;
;;;;PC-050016;;PC-050017;;PC-050018 = Coding Gyps;;PC-050019;;;;PC-059270;;PC-050024 = nullptr;;
;;;;;;;;;;;;;;;;;;
;;;;PC-050011;;PC-050012;;PC-050021 = PPAP;;PC-050013;;;;PC-059311;;PC-050015 = Raymond;;
;;;;;;;;;;;;;;;;;;
;;;;;;;;;;;;;;;;;;
;;;;;;;;;;;;;;;;;;
;;;;PC-050007;;PC-050006;;PC-050005 = CNT;;PC-050023;;;;PC-050031;;PC-050022 = Plan C;;
;;;;;;;;;;;;;;;;;;
;;;;;;;;;;;;;;;;;;
;;;;;;;;;;;;;;;;;;
;;;;;;;;;;;;;;;;;;
