;;PC-048445;;PC-048461=Drive(2011);;PC-048448;;PC-048447;;PC-048446=PPAP;;PC-049937;;;;PC-048443;;PC-048420=forgotten;;PC-048433;;;;PC-048421=God is dead, UwU;;PC-048432;;PC-048435;;PC-048429;;;;PC-049949=Raymond;;PC-048441;
;;;;;;;;;;;;;;;;;;;;;;;;;;;;;;;;;;;;;
;;PC-048434;;PC-048442=Girls;;PC-049950;;PC-048440;;PC-048439=Monki IQ 200 (combined);;PC-048437;;;;PC-048444;;PC-048449=Coding Gyps;;PC-048418;;PC-048419;;PC-048424;;PC-048425=ANIFFFO;;PC-048436;;PC-048430;;;;PC-049948;;PC-049929=E.M.A.;
;;;;;;;;;;;;;;;;;;;;;;;;;;;;;;;;;;;;;
;;;;;;;;;;;;;;;;;;;;;;;;;;;;;;;;;;;;;
;;;;;;;;;;;;;;;;;;;;;;;;;;;;;;;;;;;;;
;;PC-049946;;PC-049947=nullptr;;PC-048428;;PC-048426;;PC-048417;;PC-048427=neolution 3.0;;;;PC-048422;;PC-048423=Mechanical Orange;;PC-049945;;;;PC-049936;;PC-048438=Google Hire Us;;PC-049930;;;;;;PC-049939;;PC-049938;
;;;;;;;;;;;;;;;;;;;;;;;;;;;;;;;;;;;;;
;;;;;;;;;;;;;;;;;;;;;;;;;;;;;;;;;;;;;
;;;;;;;;;;;;;;;;;;;;;;;;;;;;;;;;;;;;;
;;;;;;;;;;;;;;;;;;;;;;;;;;;;;;;;;;;;;
